date,timestamp,total_modules,total_packages,total_lines,total_downloads
2026-03-23,2026-03-23T18:11:22+08:00,983,6794,12170077,2965025
2026-03-24,2026-03-24T11:35:09+08:00,986,6804,12176935,2970420
2026-03-25,2026-03-25T11:08:21+08:00,995,6852,12532002,2976735
2026-03-26,2026-03-26T07:58:38+08:00,996,6867,12572019,2989749
2026-03-27,2026-03-27T07:57:48+08:00,1001,6883,12590127,3005116
2026-03-28,2026-03-28T07:52:40+08:00,1005,6911,12743263,3018101
2026-03-29,2026-03-29T07:55:22+08:00,1008,6927,12766413,3027461
2026-03-30,2026-03-30T07:57:01+08:00,1008,6934,12780450,3036879
2026-03-31,2026-03-31T08:00:13+08:00,1012,6957,12813535,3059297
2026-04-01,2026-04-01T07:58:21+08:00,1016,7268,13060570,3079643
2026-04-02,2026-04-02T07:57:00+08:00,1020,7339,13118317,3087947
2026-04-03,2026-04-03T07:57:39+08:00,1029,7379,13219867,3098536
2026-04-04,2026-04-04T07:56:59+08:00,1037,7425,13235717,3110008
2026-04-05,2026-04-05T07:55:33+08:00,1044,7460,13298957,3124774
2026-04-06,2026-04-06T07:57:37+08:00,1047,7470,13313110,3138808
2026-04-07,2026-04-07T07:59:22+08:00,1057,7537,13384608,3150361
2026-04-08,2026-04-08T08:02:46+08:00,1058,7540,13398509,3162694
2026-04-09,2026-04-09T07:59:08+08:00,1061,7569,13465686,3171250
2026-04-10,2026-04-10T08:01:57+08:00,1066,7656,13485514,3183412
2026-04-11,2026-04-11T08:00:03+08:00,1070,7678,13526290,3197578
2026-04-12,2026-04-12T07:58:58+08:00,1073,7681,13540540,3208313
2026-04-13,2026-04-13T08:01:15+08:00,1073,7681,13543936,3213944
2026-04-14,2026-04-14T08:06:27+08:00,1079,7820,13856288,3219828
2026-04-15,2026-04-15T08:06:52+08:00,1080,7830,13865472,3227006
2026-04-16,2026-04-16T08:06:32+08:00,1086,7933,14021213,3234672
2026-04-17,2026-04-17T08:05:10+08:00,1094,7977,14078597,3241839
2026-04-18,2026-04-18T08:03:37+08:00,1096,8006,14097378,3253111
